id,last,first,bat,throw,team,pos
arozr001,Arozarena,Randy,R,R,ALS,OF
bautf001,Bautista,Felix,R,R,ALS,P
bichb001,Bichette,Bo,R,R,ALS,SS
canoy001,Cano,Yennier,R,R,ALS,P
coleg001,Cole,Gerrit,R,R,ALS,P
diazy001,Diaz,Yandy,R,R,ALS,1B
eovan001,Eovaldi,Nathan,R,R,ALS,P
estec001,Estevez,Carlos,R,R,ALS,P
franw002,Franco,Wander,B,R,ALS,SS
garca005,Garcia,Adolis,R,R,ALS,OF
grays001,Gray,Sonny,R,R,ALS,P
guerv002,Guerrero,Vladimir,R,R,ALS,1B
haysa001,Hays,Austin,R,R,ALS,OF
heimj001,Heim,Jonah,B,R,ALS,C
jansk001,Jansen,Kenley,B,R,ALS,P
jungj001,Jung,Josh,R,R,ALS,3B
kirbg001,Kirby,George,R,R,ALS,P
lopep002,Lopez,Pablo,L,R,ALS,P
lorem002,Lorenzen,Michael,R,R,ALS,P
merrw001,Merrifield,Whit,R,R,ALS,2B
ohtas001,Ohtani,Shohei,L,R,ALS,DH
peres002,Perez,Salvador,R,R,ALS,PH
ramij003,Ramirez,Jose,B,R,ALS,3B
rodrj007,Rodriguez,Julio,R,R,ALS,OF
romaj004,Romano,Jordan,R,R,ALS,P
rookb001,Rooker,Brent,R,R,ALS,OF
rutsa001,Rutschman,Adley,B,R,ALS,C
seagc001,Seager,Corey,L,R,ALS,SS
semim001,Semien,Marcus,R,R,ALS,2B
tuckk001,Tucker,Kyle,L,R,ALS,OF
adamj003,Adams,Jordyn,R,R,ANA,OF
adelj001,Adell,Jo,R,R,ANA,OF
andet002,Anderson,Tyler,L,L,ANA,P
bachs001,Bachman,Sam,R,R,ANA,P
barrj003,Barria,Jaime,R,R,ANA,P
cabbt001,Cabbage,Trey,L,R,ANA,1B
cacek001,Caceres,Kelvin,R,R,ANA,P
canng001,Canning,Griffin,R,R,ANA,P
cronc002,Cron,C. J.,R,R,ANA,1B
danid001,Daniel,Davis,R,R,ANA,P
davit005,Davidson,Tucker,L,L,ANA,P
detmr001,Detmers,Reid,L,L,ANA,P
devec001,Devenski,Chris,R,R,ANA,P
diazj007,Diaz,Jhonathan,L,L,ANA,P
drurb001,Drury,Brandon,R,R,ANA,2B
escoe001,Escobar,Eduardo,B,R,ANA,3B
estec001,Estevez,Carlos,R,R,ANA,P
fletd002,Fletcher,David,R,R,ANA,SS
fulmc001,Fulmer,Carson,R,R,ANA,P
gioll001,Giolito,Lucas,R,R,ANA,P
gricr001,Grichuk,Randal,R,R,ANA,OF
hergj001,Herget,Jimmy,R,R,ANA,P
ingrk001,Ingram,Kolton,L,L,ANA,P
joycb001,Joyce,Ben,R,R,ANA,P
lambj001,Lamb,Jake,L,R,ANA,1B
leond003,Leone,Dominic,R,R,ANA,P
loper003,Lopez,Reynaldo,R,R,ANA,P
loupa001,Loup,Aaron,L,L,ANA,P
martj010,Marte,Jose,R,R,ANA,P
medev001,Mederos,Victor,R,R,ANA,P
monim001,Moniak,Mickey,L,R,ANA,OF
moorm003,Moore,Matt,L,L,ANA,P
moror001,Moronta,Reyes,R,R,ANA,P
mousm001,Moustakas,Mike,L,R,ANA,3B
netoz001,Neto,Zach,R,R,ANA,SS
ohopl001,O'Hoppe,Logan,R,R,ANA,C
ohtas001,Ohtani,Shohei,L,R,ANA,DH
okeyc001,Okey,Chris,R,R,ANA,C
padlk001,Padlo,Kevin,R,R,ANA,1B
parik002,Paris,Kyren,R,R,ANA,SS
philb002,Phillips,Brett,L,R,ANA,OF
quijj001,Quijada,Jose,L,L,ANA,P
renda001,Rendon,Anthony,R,R,ANA,3B
renfh001,Renfroe,Hunter,R,R,ANA,OF
rengl001,Rengifo,Luis,B,R,ANA,2B
reyeg002,Reyes,Gerardo,R,R,ANA,P
rosek001,Rosenberg,Kenny,L,L,ANA,P
sandp002,Sandoval,Patrick,L,L,ANA,P
schan001,Schanuel,Nolan,L,R,ANA,1B
silsc001,Silseth,Chase,R,R,ANA,P
sorij002,Soriano,Jose,R,R,ANA,P
sotol001,Soto,Livan,L,R,ANA,SS
stefm001,Stefanic,Michael,R,R,ANA,2B
suarj001,Suarez,Jose,L,L,ANA,P
teper001,Tepera,Ryan,R,R,ANA,P
thaim001,Thaiss,Matt,L,R,ANA,C
troum001,Trout,Mike,R,R,ANA,OF
urshg001,Urshela,Gio,R,R,ANA,3B
velaa001,Velazquez,Andrew,B,R,ANA,SS
wallc001,Wallach,Chad,R,R,ANA,C
walsj001,Walsh,Jared,L,L,ANA,1B
wanta001,Wantz,Andrew,R,R,ANA,P
wardt002,Ward,Taylor,R,R,ANA,OF
warra003,Warren,Austin,R,R,ANA,P
webbj002,Webb,Jacob,R,R,ANA,P
weisz001,Weiss,Zack,R,R,ANA,P
adama002,Adams,Austin,R,R,ARI,P
ahmen001,Ahmed,Nick,R,R,ARI,SS
bumgm001,Bumgarner,Madison,R,L,ARI,P
canzd001,Canzone,Dominic,L,R,ARI,PH
carrc005,Carroll,Corbin,L,L,ARI,OF
castd004,Castillo,Diego,R,R,ARI,PH
castm002,Castro,Miguel,R,R,ARI,P
ceccs001,Cecconi,Slade,R,R,ARI,P
chafa001,Chafin,Andrew,R,L,ARI,P
crisn001,Crismatt,Nabil,R,R,ARI,P
daviz001,Davies,Zach,R,R,ARI,P
fletd003,Fletcher,Dominic,L,L,ARI,OF
frial001,Frias,Luis,R,R,ARI,P
gallz001,Gallen,Zac,R,R,ARI,P
gilbt001,Gilbert,Tyler,L,L,ARI,P
ginkk001,Ginkel,Kevin,L,R,ARI,P
gurrl001,Gurriel,Lourdes,R,R,ARI,OF
henrt001,Henry,Tommy,L,L,ARI,P
herrj003,Herrera,Jose,B,R,ARI,C
jamed003,Jameson,Drey,R,R,ARI,P
jarvb001,Jarvis,Bryce,L,R,ARI,P
kellc002,Kelly,Carson,R,R,ARI,C
kellm002,Kelly,Merrill,R,R,ARI,P
kennb002,Kennedy,Buddy,R,R,ARI,3B
lawlj001,Lawlar,Jordan,R,R,ARI,SS
lewik001,Lewis,Kyle,R,R,ARI,DH
longe001,Longoria,Evan,R,R,ARI,3B
mantj002,Mantiply,Joe,R,L,ARI,P
martk001,Marte,Ketel,B,R,ARI,2B
martj011,Martinez,Justin,R,R,ARI,P
mccaj003,McCarthy,Jake,L,L,ARI,OF
mcgos001,McGough,Scott,R,R,ARI,P
misia001,Misiewicz,Anthony,R,L,ARI,P
moreg001,Moreno,Gabriel,R,R,ARI,C
nelsk001,Nelson,Kyle,L,L,ARI,P
nelsr003,Nelson,Ryne,R,R,ARI,P
perdg001,Perdomo,Geraldo,B,R,ARI,SS
petej002,Peterson,Jace,L,R,ARI,3B
pfaab001,Pfaadt,Brandon,R,R,ARI,P
phamt001,Pham,Tommy,R,R,ARI,DH
rivee001,Rivera,Emmanuel,R,R,ARI,3B
rojaj001,Rojas,Josh,L,R,ARI,3B
ruizj001,Ruiz,Jose,R,R,ARI,P
saala001,Saalfrank,Andrew,L,L,ARI,P
sewap001,Sewald,Paul,R,R,ARI,P
smitp002,Smith,Pavin,L,L,ARI,PH
solop001,Solomon,Peter,R,R,ARI,P
strzp001,Strzelecki,Peter,R,R,ARI,P
sulsc001,Sulser,Cole,R,R,ARI,P
thoma004,Thomas,Alek,L,L,ARI,OF
thomr007,Thompson,Ryan,R,R,ARI,P
vargc003,Vargas,Carlos,R,R,ARI,P
walkc002,Walker,Christian,R,R,ARI,1B
zavas001,Zavala,Seby,R,R,ARI,C
acunr001,Acuna,Ronald,R,R,ATL,OF
adrie001,Adrianza,Ehire,B,R,ATL,PH
albio001,Albies,Ozzie,B,R,ATL,2B
allak001,Allard,Kolby,L,L,ATL,P
anden001,Anderson,Nick,R,R,ATL,P
arcio002,Arcia,Orlando,R,R,ATL,SS
chavj001,Chavez,Jesse,R,R,ATL,P
chiry001,Chirinos,Yonny,R,R,ATL,P
culbc001,Culberson,Charlie,R,R,ATL,PH
doddd001,Dodd,Dylan,L,L,ATL,P
eldeb001,Elder,Bryce,R,R,ATL,P
friem001,Fried,Max,L,L,ATL,P
grisv001,Grissom,Vaughn,R,R,ATL,SS
handb001,Hand,Brad,L,L,ATL,P
harrm004,Harris,Michael,L,L,ATL,OF
heart001,Hearn,Taylor,L,L,ATL,P
hellb001,Heller,Ben,R,R,ATL,P
hernd005,Hernandez,Daysbel,R,R,ATL,P
hills005,Hilliard,Sam,L,L,ATL,OF
igler001,Iglesias,Raisel,R,R,ATL,P
jimej003,Jimenez,Joe,R,R,ATL,P
johnp001,Johnson,Pierce,R,R,ATL,P
lee-d005,Lee,Dylan,L,L,ATL,P
lopen001,Lopez,Nicky,L,R,ATL,2B
luetl001,Luetge,Lucas,L,L,ATL,P
mchuc001,McHugh,Collin,R,R,ATL,P
minta001,Minter,A. J.,L,L,ATL,P
mortc002,Morton,Charlie,R,R,ATL,P
murps001,Murphy,Sean,R,R,ATL,C
olsom001,Olson,Matt,L,R,ATL,1B
ozunm001,Ozuna,Marcell,R,R,ATL,DH
pillk001,Pillar,Kevin,R,R,ATL,OF
rilea001,Riley,Austin,R,R,ATL,3B
rodrd001,Rodriguez,Dereck,R,R,ATL,P
rosae001,Rosario,Eddie,L,R,ATL,OF
shewb001,Shewmake,Braden,L,R,ATL,SS
shusj001,Shuster,Jared,L,L,ATL,P
smita001,Smith-Shawver,AJ,R,R,ATL,P
solan001,Solak,Nick,R,R,ATL,PR
sorom001,Soroka,Michael,R,R,ATL,P
stepj002,Stephens,Jackson,R,R,ATL,P
stris002,Strider,Spencer,R,R,ATL,P
tonkm001,Tonkin,Michael,R,R,ATL,P
tromc001,Tromp,Chadwick,R,R,ATL,C
vined001,Vines,Darius,R,R,ATL,P
wallf001,Wall,Forrest,L,R,ATL,PR
white006,White,Eli,R,R,ATL,OF
willl001,Williams,Luke,R,R,ATL,PR
winaa001,Winans,Allan,R,R,ATL,P
wrigk001,Wright,Kyle,R,R,ATL,P
yatek001,Yates,Kirby,L,R,ATL,P
yound005,Young,Danny,L,L,ATL,P
darnt001,d'Arnaud,Travis,R,R,ATL,C
akink001,Akin,Keegan,L,L,BAL,P
bakeb001,Baker,Bryan,R,R,BAL,P
baumm001,Baumann,Mike,R,R,BAL,P
bautf001,Bautista,Felix,R,R,BAL,P
bazae001,Bazardo,Eduard,R,R,BAL,P
bemba001,Bemboom,Anthony,L,R,BAL,C
bradk001,Bradish,Kyle,R,R,BAL,P
canoy001,Cano,Yennier,R,R,BAL,P
could001,Coulombe,Danny,L,L,BAL,P
cowsc001,Cowser,Colton,L,R,BAL,OF
flahj002,Flaherty,Jack,R,R,BAL,P
fraza001,Frazier,Adam,L,R,BAL,2B
fujis001,Fujinami,Shintaro,R,R,BAL,P
garrr001,Garrett,Reed,R,R,BAL,P
gibsk002,Gibson,Kyle,R,R,BAL,P
gilll001,Gillaspie,Logan,R,R,BAL,P
givem001,Givens,Mychal,R,R,BAL,P
halld004,Hall,DL,L,L,BAL,P
haysa001,Hays,Austin,R,R,BAL,OF
hendg002,Henderson,Gunnar,L,R,BAL,3B
hicka001,Hicks,Aaron,B,R,BAL,OF
irvic001,Irvin,Cole,L,L,BAL,P
kjerh001,Kjerstad,Heston,L,R,BAL,DH
kolom001,Kolozsvary,Mark,R,R,BAL,C
krehj001,Krehbiel,Joey,R,R,BAL,P
kremd001,Kremer,Dean,R,R,BAL,P
lestj002,Lester,Josh,L,R,BAL,1B
lopej004,Lopez,Jorge,R,R,BAL,P
matej003,Mateo,Jorge,R,R,BAL,SS
mccaj001,McCann,James,R,R,BAL,C
mcker001,McKenna,Ryan,R,R,BAL,OF
meanj001,Means,John,L,L,BAL,P
mounr001,Mountcastle,Ryan,R,R,BAL,1B
mullc002,Mullins,Cedric,L,L,BAL,OF
ohear001,O'Hearn,Ryan,L,L,BAL,1B
ortij005,Ortiz,Joey,R,R,BAL,2B
perec004,Perez,Cionel,R,L,BAL,P
rodrg003,Rodriguez,Grayson,L,R,BAL,P
rutsa001,Rutschman,Adley,B,R,BAL,C
santa003,Santander,Anthony,B,R,BAL,OF
stowk001,Stowers,Kyle,L,L,BAL,OF
uriar001,Urias,Ramon,R,R,BAL,3B
vallc001,Vallimont,Chris,R,R,BAL,P
vavrt001,Vavra,Terrin,L,R,BAL,OF
vespn001,Vespi,Nick,L,L,BAL,P
votha001,Voth,Austin,R,R,BAL,P
webbj002,Webb,Jacob,R,R,BAL,P
wellt003,Wells,Tyler,R,R,BAL,P
westj002,Westburg,Jordan,R,R,BAL,2B
zimmb002,Zimmermann,Bruce,L,L,BAL,P
abrew002,Abreu,Wilyer,L,L,BOS,OF
alfaj002,Alfaro,Jorge,R,R,BOS,C
arroc001,Arroyo,Christian,R,R,BOS,2B
barrk002,Barraclough,Kyle,R,R,BOS,P
bellb002,Bello,Brayan,R,R,BOS,P
bernb001,Bernardino,Brennan,L,L,BOS,P
bleir001,Bleier,Richard,L,L,BOS,P
brasr001,Brasier,Ryan,R,R,BOS,P
casat001,Casas,Triston,L,R,BOS,1B
chany001,Chang,Yu,R,R,BOS,SS
crawk001,Crawford,Kutter,R,R,BOS,P
dalbb001,Dalbec,Bobby,R,R,BOS,1B
dermm001,Dermody,Matt,R,L,BOS,P
dever001,Devers,Rafael,L,R,BOS,3B
duraj001,Duran,Jarren,L,R,BOS,OF
duvaa001,Duvall,Adam,R,R,BOS,OF
farij001,Faria,Jake,R,R,BOS,P
garzj001,Garza,Justin,R,R,BOS,P
hamic001,Hamilton,Caleb,R,R,BOS,C
hamid002,Hamilton,David,L,R,BOS,SS
herne001,Hernandez,Enrique,R,R,BOS,SS
houct001,Houck,Tanner,R,R,BOS,P
jacqj001,Jacques,Joe,L,L,BOS,P
jansk001,Jansen,Kenley,B,R,BOS,P
kellz001,Kelly,Zack,R,R,BOS,P
klubc001,Kluber,Corey,R,R,BOS,P
lamed001,Lamet,Dinelson,R,R,BOS,P
littz001,Littell,Zack,R,R,BOS,P
llovm001,Llovera,Mauricio,R,R,BOS,P
martc007,Martin,Chris,R,R,BOS,P
mcgur002,McGuire,Reese,L,R,BOS,C
murpc001,Murphy,Chris,L,L,BOS,P
ort-k001,Ort,Kaleb,R,R,BOS,P
paxtj001,Paxton,James,L,L,BOS,P
piven001,Pivetta,Nick,R,R,BOS,P
rafac001,Rafaela,Ceddanne,R,R,BOS,OF
refsr001,Refsnyder,Rob,R,R,BOS,OF
reyep001,Reyes,Pablo,R,R,BOS,SS
roben002,Robertson,Nick,R,R,BOS,P
rodrj004,Rodriguez,Joely,L,L,BOS,P
salec001,Sale,Chris,L,L,BOS,P
schrj001,Schreiber,John,R,R,BOS,P
scott004,Scott,Tayler,R,R,BOS,P
sherr001,Sherriff,Ryan,L,L,BOS,P
stort001,Story,Trevor,R,R,BOS,SS
tapir001,Tapia,Raimel,L,L,BOS,PH
turnj001,Turner,Justin,R,R,BOS,DH
urial001,Urias,Luis,R,R,BOS,2B
valde002,Valdez,Enmanuel,L,R,BOS,2B
verda001,Verdugo,Alex,L,L,BOS,OF
waltb002,Walter,Brandon,L,L,BOS,P
weisz001,Weiss,Zack,R,R,BOS,P
whitg002,Whitlock,Garrett,R,R,BOS,P
wincj001,Winckowski,Josh,R,R,BOS,P
wongc001,Wong,Connor,R,R,BOS,C
yoshm002,Yoshida,Masataka,L,R,BOS,OF
albeh001,Alberto,Hanser,R,R,CHA,3B
andet001,Anderson,Tim,R,R,CHA,SS
andre001,Andrus,Elvis,R,R,CHA,2B
bankt001,Banks,Tanner,R,L,CHA,P
benia002,Benintendi,Andrew,L,L,CHA,OF
bumma001,Bummer,Aaron,L,L,CHA,P
burgj001,Burger,Jake,R,R,CHA,3B
ceasd001,Cease,Dylan,R,R,CHA,P
clevm001,Clevinger,Mike,R,R,CHA,P
colao001,Colas,Oscar,L,L,CHA,OF
coloa001,Colome,Alex,R,R,CHA,P
crocg001,Crochet,Garrett,L,L,CHA,P
crond001,Cronin,Declan,R,R,CHA,P
diekj001,Diekman,Jake,R,L,CHA,P
frazc001,Frazier,Clint,R,R,CHA,OF
garcd003,Garcia,Deivi,R,R,CHA,P
gioll001,Giolito,Lucas,R,R,CHA,P
gonzr003,Gonzalez,Romy,R,R,CHA,2B
grany001,Grandal,Yasmani,B,R,CHA,C
gravk001,Graveman,Kendall,R,R,CHA,P
hamib001,Hamilton,Billy,B,R,CHA,PR
hasea001,Haseley,Adam,L,L,CHA,OF
hendl001,Hendriks,Liam,R,R,CHA,P
honeb001,Honeywell,Brent,R,R,CHA,P
jimee001,Jimenez,Eloy,R,R,CHA,DH
kellj001,Kelly,Joe,R,R,CHA,P
kopem001,Kopech,Michael,R,R,CHA,P
lambj003,Lambert,Jimmy,R,R,CHA,P
lee-k002,Lee,Korey,R,R,CHA,C
loper003,Lopez,Reynaldo,R,R,CHA,P
lynnl001,Lynn,Lance,B,R,CHA,P
marij002,Marisnick,Jake,R,R,CHA,OF
middk001,Middleton,Keynan,R,R,CHA,P
moncy001,Moncada,Yoan,B,R,CHA,3B
naqut001,Naquin,Tyler,L,R,CHA,PH
navae002,Navarro,Edgar,R,R,CHA,P
padin001,Padilla,Nicholas,R,R,CHA,P
patil001,Patino,Luis,R,R,CHA,P
peras001,Peralta,Sammy,L,L,CHA,P
perec005,Perez,Carlos,R,R,CHA,C
ramiy002,Ramirez,Yohan,R,R,CHA,P
ramsl001,Ramsey,Lane,R,R,CHA,P
remiz001,Remillard,Zach,R,R,CHA,2B
robel002,Robert,Luis,R,R,CHA,OF
rodrj008,Rodriguez,Jose,R,R,CHA,PR
ruizj001,Ruiz,Jose,R,R,CHA,P
santg001,Santos,Gregory,R,R,CHA,P
schoj002,Scholtens,Jesse,R,R,CHA,P
shawb001,Shaw,Bryan,B,R,CHA,P
sheeg001,Sheets,Gavin,L,L,CHA,OF
sosal001,Sosa,Lenyn,R,R,CHA,2B
thomt002,Thompson,Trayce,R,R,CHA,OF
toust001,Toussaint,Touki,R,R,CHA,P
urenj001,Urena,Jose,R,R,CHA,P
vauga001,Vaughn,Andrew,R,R,CHA,1B
zavas001,Zavala,Seby,R,R,CHA,C
alzoa001,Alzolay,Adbert,R,R,CHN,P
amaym001,Amaya,Miguel,R,R,CHN,C
assaj001,Assad,Javier,R,R,CHN,P
barnt001,Barnhart,Tucker,L,R,CHN,C
bellc002,Bellinger,Cody,L,L,CHN,OF
boxbb001,Boxberger,Brad,R,R,CHN,P
burdn001,Burdi,Nick,R,R,CHN,P
canaa001,Canario,Alexander,R,R,CHN,PH
candj002,Candelario,Jeimer,B,R,CHN,1B
crowp001,Crow-Armstrong,Pete,L,L,CHN,OF
cuasj001,Cuas,Jose,R,R,CHN,P
dufft001,Duffey,Tyler,R,R,CHN,P
estrj002,Estrada,Jeremiah,B,R,CHN,P
fulmm001,Fulmer,Michael,R,R,CHN,P
gomey001,Gomes,Yan,R,R,CHN,C
grees005,Greene,Shane,R,R,CHN,P
happi001,Happ,Ian,B,R,CHN,OF
hendk001,Hendricks,Kyle,R,R,CHN,P
hoern001,Hoerner,Nico,R,R,CHN,2B
hosme001,Hosmer,Eric,L,L,CHN,1B
hughb002,Hughes,Brandon,B,L,CHN,P
kay-a001,Kay,Anthony,L,L,CHN,P
kilic001,Kilian,Caleb,R,R,CHN,P
leitm002,Leiter,Mark,R,R,CHN,P
littl001,Little,Luke,L,L,CHN,P
madrn001,Madrigal,Nick,R,R,CHN,3B
manct001,Mancini,Trey,R,R,CHN,1B
mastm001,Mastrobuoni,Miles,L,R,CHN,3B
merrj001,Merryweather,Julian,R,R,CHN,P
mervm001,Mervis,Matt,L,R,CHN,1B
morec001,Morel,Christopher,R,R,CHN,DH
paled001,Palencia,Daniel,R,R,CHN,P
riose001,Rios,Edwin,L,R,CHN,DH
ruckm001,Rucker,Michael,R,R,CHN,P
smyld001,Smyly,Drew,L,L,CHN,P
steej002,Steele,Justin,L,L,CHN,P
strom001,Stroman,Marcus,R,R,CHN,P
suzus001,Suzuki,Seiya,R,R,CHN,OF
swand001,Swanson,Dansby,R,R,CHN,SS
tailj001,Taillon,Jameson,R,R,CHN,P
taucm001,Tauchman,Mike,L,L,CHN,OF
thomk002,Thompson,Keegan,R,R,CHN,P
torrl001,Torrens,Luis,R,R,CHN,PH
velan001,Velazquez,Nelson,R,R,CHN,OF
wesnh001,Wesneski,Hayden,R,R,CHN,P
wickj001,Wicks,Jordan,L,L,CHN,P
wisdp001,Wisdom,Patrick,R,R,CHN,3B
younj003,Young,Jared,L,R,CHN,1B
abboa001,Abbott,Andrew,L,L,CIN,P
antot001,Antone,Tejay,R,R,CIN,P
ashcg001,Ashcraft,Graham,L,R,CIN,P
badeh001,Bader,Harrison,R,R,CIN,OF
garcj007,Barrero,Jose,R,R,CIN,SS
bensw001,Benson,Will,L,L,CIN,OF
bracs001,Bracho,Silvino,R,R,CIN,P
busea001,Busenitz,Alan,R,R,CIN,P
casac001,Casali,Curt,R,R,CIN,C
cessl001,Cessa,Luis,R,R,CIN,P
cruzf002,Cruz,Fernando,B,R,CIN,P
delae003,De La Cruz,Elly,B,R,CIN,SS
diaza004,Diaz,Alexis,R,R,CIN,P
duard001,Duarte,Daniel,R,R,CIN,P
encac001,Encarnacion-Strand,Christian,R,R,CIN,1B
fairs001,Fairchild,Stuart,R,R,CIN,OF
farmb001,Farmer,Buck,L,R,CIN,P
fralj001,Fraley,Jake,L,L,CIN,OF
friet001,Friedl,TJ,L,L,CIN,OF
gibai001,Gibaut,Ian,R,R,CIN,P
greeh001,Greene,Hunter,R,R,CIN,P
hergk001,Herget,Kevin,L,R,CIN,P
hopkt001,Hopkins,TJ,R,R,CIN,OF
indij001,India,Jonathan,R,R,CIN,2B
karcr001,Karcher,Ricky,R,R,CIN,P
kennb001,Kennedy,Brett,R,R,CIN,P
kuhnj001,Kuhnel,Joel,R,R,CIN,P
law-d001,Law,Derek,R,R,CIN,P
leguc001,Legumina,Casey,R,R,CIN,P
liveb001,Lively,Ben,R,R,CIN,P
lodon001,Lodolo,Nick,L,L,CIN,P
lopea005,Lopez,Alejo,B,R,CIN,2B
maill001,Maile,Luke,R,R,CIN,C
marim001,Mariot,Michael,R,R,CIN,P
martn004,Marte,Noelvi,R,R,CIN,3B
martn003,Martini,Nick,L,L,CIN,OF
mclam001,McLain,Matt,R,R,CIN,SS
milla003,Mills,Alec,R,R,CIN,P
molls001,Moll,Sam,L,L,CIN,P
myerw001,Myers,Wil,R,R,CIN,OF
newmk001,Newman,Kevin,R,R,CIN,3B
overc001,Overton,Connor,L,R,CIN,P
philc001,Phillips,Connor,R,R,CIN,P
ramoh001,Ramos,Henry,B,R,CIN,OF
renfh001,Renfroe,Hunter,R,R,CIN,OF
reynm003,Reynolds,Matt,R,R,CIN,3B
richl001,Richardson,Lyon,B,R,CIN,P
salae001,Salazar,Eduardo,R,R,CIN,P
sanmr001,Sanmartin,Reiver,L,L,CIN,P
santt001,Santillan,Tony,R,R,CIN,P
senzn001,Senzel,Nick,R,R,CIN,3B
shrec001,Shreve,Chasen,L,L,CIN,P
sianm001,Siani,Michael,L,L,CIN,OF
simsl001,Sims,Lucas,R,R,CIN,P
spiec001,Spiers,Carson,R,R,CIN,P
stees001,Steer,Spencer,R,R,CIN,1B
stept001,Stephenson,Tyler,R,R,CIN,C
stoul001,Stoudt,Levi,R,R,CIN,P
voslj001,Vosler,Jason,L,R,CIN,1B
vottj001,Votto,Joey,L,R,CIN,1B
weavl001,Weaver,Luke,R,R,CIN,P
willb003,Williamson,Brandon,R,L,CIN,P
wongj001,Wong,Jake,R,R,CIN,P
wynnr001,Wynne,Randy,R,R,CIN,P
youna002,Young,Alex,L,L,CIN,P
allel003,Allen,Logan,R,L,CLE,P
ariag002,Arias,Gabriel,R,R,CLE,SS
battp001,Battenfield,Peyton,R,R,CLE,P
bellj005,Bell,Josh,B,R,CLE,DH
bibet001,Bibee,Tanner,R,R,CLE,P
biebs001,Bieber,Shane,R,R,CLE,P
brenw002,Brennan,Will,L,L,CLE,OF
calhk001,Calhoun,Kole,L,L,CLE,1B
civaa001,Civale,Aaron,R,R,CLE,P
clase001,Clase,Emmanuel,R,R,CLE,P
collz001,Collins,Zack,L,R,CLE,C
currx001,Curry,Xzavion,R,R,CLE,P
deloe001,De Los Santos,Enyel,R,R,CLE,P
freet001,Freeman,Tyler,R,R,CLE,3B
fry-d001,Fry,David,R,R,CLE,C
gaddh001,Gaddis,Hunter,R,R,CLE,P
gallc001,Gallagher,Cam,R,R,CLE,C
gimea001,Gimenez,Andres,L,R,CLE,2B
gioll001,Giolito,Lucas,R,R,CLE,P
gonzo001,Gonzalez,Oscar,R,R,CLE,OF
haase001,Haase,Eric,R,R,CLE,C
hents001,Hentges,Sam,L,L,CLE,P
herrt002,Herrin,Tim,L,L,CLE,P
karij001,Karinchak,James,R,R,CLE,P
kellm004,Kelly,Michael,R,R,CLE,P
kwans001,Kwan,Steven,L,L,CLE,OF
laurr001,Laureano,Ramon,R,R,CLE,OF
loper003,Lopez,Reynaldo,R,R,CLE,P
mcket001,McKenzie,Triston,R,R,CLE,P
moorm003,Moore,Matt,L,L,CLE,P
morge001,Morgan,Eli,R,R,CLE,P
morrc001,Morris,Cody,R,R,CLE,P
naylb001,Naylor,Bo,L,R,CLE,C
naylj001,Naylor,Josh,L,L,CLE,1B
norrd002,Norris,Daniel,L,L,CLE,P
pilkk001,Pilkington,Konnor,L,L,CLE,P
plesz001,Plesac,Zach,R,R,CLE,P
quanc001,Quantrill,Cal,L,R,CLE,P
ramij003,Ramirez,Jose,B,R,CLE,3B
roccb001,Rocchio,Brayan,B,R,CLE,SS
rosaa003,Rosario,Amed,R,R,CLE,SS
sandn001,Sandlin,Nick,R,R,CLE,P
stept002,Stephan,Trevor,R,R,CLE,P
stram002,Straw,Myles,R,R,CLE,OF
syndn001,Syndergaard,Noah,L,R,CLE,P
tenaj001,Tena,Jose,L,R,CLE,SS
toust001,Toussaint,Touki,R,R,CLE,P
vilom001,Viloria,Meibrys,L,R,CLE,C
willg004,Williams,Gavin,L,R,CLE,P
zunim001,Zunino,Mike,R,R,CLE,C
abadf001,Abad,Fernando,L,L,COL,P
alfaj002,Alfaro,Jorge,R,R,COL,DH
andec001,Anderson,Chase,R,R,COL,P
bardd001,Bard,Daniel,R,R,COL,P
birdj001,Bird,Jake,R,R,COL,P
blact002,Blach,Ty,R,L,COL,P
blacc001,Blackmon,Charlie,L,L,COL,DH
boucs001,Bouchard,Sean,R,R,COL,OF
bruij001,Bruihl,Justin,L,L,COL,P
bryak001,Bryant,Kris,R,R,COL,OF
calvb001,Calvo,Blair,R,R,COL,P
caram001,Carasiti,Matt,R,R,COL,P
casth001,Castro,Harold,L,R,COL,2B
cronc002,Cron,C. J.,R,R,COL,1B
davin001,Davis,Noah,R,R,COL,P
dazay001,Daza,Yonathan,R,R,COL,OF
diaze005,Diaz,Elias,R,R,COL,C
doylb001,Doyle,Brenton,R,R,COL,OF
doylt001,Doyle,Tommy,R,R,COL,P
feltr001,Feltner,Ryan,R,R,COL,P
flexc001,Flexen,Chris,R,R,COL,P
freek001,Freeland,Kyle,L,L,COL,P
gomba001,Gomber,Austin,L,L,COL,P
goodh001,Goodman,Hunter,R,R,COL,OF
gricr001,Grichuk,Randal,R,R,COL,OF
handb001,Hand,Brad,L,L,COL,P
hollg002,Hollowell,Gavin,R,R,COL,P
johnp001,Johnson,Pierce,R,R,COL,P
jonen002,Jones,Nolan,L,R,COL,OF
juste001,Justice,Evan,L,L,COL,P
kaisc001,Kaiser,Connor,R,R,COL,SS
kaufk001,Kauffmann,Karl,R,R,COL,P
kinlt001,Kinley,Tyler,R,R,COL,P
kochm001,Koch,Matt,L,R,COL,P
lambp001,Lambert,Peter,R,R,COL,P
lamed001,Lamet,Dinelson,R,R,COL,P
lawrj002,Lawrence,Justin,R,R,COL,P
marqg001,Marquez,German,R,R,COL,P
mcmar001,McMahon,Ryan,L,R,COL,3B
mearn001,Mears,Nick,R,R,COL,P
monte001,Montero,Elehuris,R,R,COL,1B
montc002,Montes,Coco,R,R,COL,2B
mousm001,Moustakas,Mike,L,R,COL,1B
pintr004,Pint,Riley,R,R,COL,P
profj001,Profar,Jurickson,B,R,COL,OF
rodgb002,Rodgers,Brendan,R,R,COL,2B
seabc001,Seabold,Connor,R,R,COL,P
senza001,Senzatela,Antonio,R,R,COL,P
servb001,Serven,Brian,R,R,COL,C
suteb001,Suter,Brent,L,L,COL,P
toglm001,Toglia,Michael,B,L,COL,1B
tovae001,Tovar,Ezequiel,R,R,COL,SS
treja001,Trejo,Alan,R,R,COL,2B
tuckc001,Tucker,Cole,B,R,COL,OF
urenj001,Urena,Jose,R,R,COL,P
vodnv001,Vodnik,Victor,R,R,COL,P
wynna001,Wynns,Austin,R,R,COL,C
alext001,Alexander,Tyler,R,L,DET,P
badda001,Baddoo,Akil,L,L,DET,OF
baezj001,Baez,Javier,R,R,DET,SS
boydm001,Boyd,Matt,L,L,DET,P
brieb001,Brieske,Beau,R,R,DET,P
brisb001,Bristo,Braden,R,R,DET,P
cabrm001,Cabrera,Miguel,R,R,DET,DH
carpk001,Carpenter,Kerry,L,R,DET,OF
cisnj001,Cisnero,Jose,R,R,DET,P
diazi001,Diaz,Isan,L,R,DET,2B
diazm004,Diaz,Miguel,R,R,DET,P
englm001,Englert,Mason,B,R,DET,P
faeda001,Faedo,Alex,R,R,DET,P
folej001,Foley,Jason,R,R,DET,P
gipss001,Gipson-Long,Sawyer,R,R,DET,P
greer003,Greene,Riley,L,L,DET,OF
haase001,Haase,Eric,R,R,DET,C
hanib001,Hanifee,Brenan,R,R,DET,P
hillg002,Hill,Garrett,R,R,DET,P
holtt002,Holton,Tyler,L,L,DET,P
ibana001,Ibanez,Andy,R,R,DET,2B
kellc002,Kelly,Carson,R,R,DET,C
kreir001,Kreidler,Ryan,R,R,DET,2B
langa001,Lange,Alex,R,R,DET,P
lipca001,Lipcius,Andre,R,R,DET,3B
loguz001,Logue,Zach,L,L,DET,P
lorem002,Lorenzen,Michael,R,R,DET,P
mannm001,Manning,Matt,R,R,DET,P
marij002,Marisnick,Jake,R,R,DET,OF
maton001,Maton,Nick,L,R,DET,3B
mckiz001,McKinstry,Zach,L,R,DET,3B
meada001,Meadows,Austin,L,L,DET,OF
meadp001,Meadows,Parker,L,R,DET,OF
misia001,Misiewicz,Anthony,R,L,DET,P
nevit001,Nevin,Tyler,R,R,DET,3B
olsor001,Olson,Reese,R,R,DET,P
rodre004,Rodriguez,Eduardo,L,L,DET,P
rogej004,Rogers,Jake,R,R,DET,C
schoj001,Schoop,Jonathan,R,R,DET,2B
shorz001,Short,Zack,R,R,DET,2B
shrec001,Shreve,Chasen,L,L,DET,P
skubt001,Skubal,Tarik,R,L,DET,P
solan001,Solak,Nick,R,R,DET,PR
torks001,Torkelson,Spencer,R,R,DET,1B
turns003,Turnbull,Spencer,R,R,DET,P
vasqa002,Vasquez,Andrew,L,L,DET,P
vestw001,Vest,Will,R,R,DET,P
vierm001,Vierling,Matt,R,R,DET,OF
wentj001,Wentz,Joey,L,L,DET,P
whitb002,White,Brendan,R,R,DET,P
wingt001,Wingenter,Trey,R,R,DET,P
abreb002,Abreu,Bryan,R,R,HOU,P
abrej003,Abreu,Jose,R,R,HOU,1B
altuj001,Altuve,Jose,R,R,HOU,2B
alvay001,Alvarez,Yordan,L,R,HOU,DH
bannr001,Bannon,Rylan,R,R,HOU,DH
bielb001,Bielak,Brandon,L,R,HOU,P
blanr001,Blanco,Ronel,R,R,HOU,P
branm003,Brantley,Michael,L,L,HOU,OF
brega001,Bregman,Alex,R,R,HOU,3B
browh001,Brown,Hunter,R,R,HOU,P
diazy004,Diaz,Yainer,R,R,HOU,C
dubis001,Dubin,Shawn,R,R,HOU,P
dubom001,Dubon,Mauricio,R,R,HOU,2B
franj006,France,J. P.,R,R,HOU,P
gagem001,Gage,Matt,L,L,HOU,P
garcl007,Garcia,Luis,R,R,HOU,P
gravk001,Graveman,Kendall,R,R,HOU,P
hensd002,Hensley,David,R,R,HOU,DH
javic001,Javier,Cristian,R,R,HOU,P
julkc001,Julks,Corey,R,R,HOU,OF
kessg001,Kessinger,Grae,R,R,HOU,SS
kuhnj001,Kuhnel,Joel,R,R,HOU,P
madrb002,Madris,Bligh,L,R,HOU,PH
maldm001,Maldonado,Martin,R,R,HOU,C
marts003,Martinez,Seth,R,R,HOU,P
matop002,Maton,Phil,R,R,HOU,P
mccoc001,McCormick,Chas,R,L,HOU,OF
meyej002,Meyers,Jake,R,L,HOU,OF
montr004,Montero,Rafael,R,R,HOU,P
mushp001,Mushinski,Parker,L,L,HOU,P
nerih001,Neris,Hector,R,R,HOU,P
penaj004,Pena,Jeremy,R,R,HOU,SS
presr001,Pressly,Ryan,R,R,HOU,P
salac001,Salazar,Cesar,L,R,HOU,C
singj001,Singleton,Jon,L,L,HOU,1B
sousb001,Sousa,Bennett,L,L,HOU,P
stanr002,Stanek,Ryne,R,R,HOU,P
tuckk001,Tucker,Kyle,L,R,HOU,OF
urquj001,Urquidy,Jose,R,R,HOU,P
valdf001,Valdez,Framber,R,L,HOU,P
verlj001,Verlander,Justin,R,R,HOU,P
barls001,Barlow,Scott,R,R,KCA,P
beatm001,Beaty,Matt,L,R,KCA,1B
bland001,Blanco,Dairon,R,R,KCA,OF
bowlj001,Bowlan,Jonathan,R,R,KCA,P
bradj001,Bradley,Jackie,L,R,KCA,OF
bubik001,Bubic,Kris,L,L,KCA,P
castm003,Castillo,Max,R,R,KCA,P
chapa001,Chapman,Aroldis,L,L,KCA,P
clart003,Clarke,Taylor,R,R,KCA,P
coled003,Coleman,Dylan,R,R,KCA,P
cox-a001,Cox,Austin,L,L,KCA,P
cropt001,Cropley,Tyler,R,R,KCA,C
cruzs001,Cruz,Steven,R,R,KCA,P
cuasj001,Cuas,Jose,R,R,KCA,P
davit005,Davidson,Tucker,L,L,KCA,P
dozih001,Dozier,Hunter,R,R,KCA,3B
duffm002,Duffy,Matt,R,R,KCA,3B
eaton001,Eaton,Nate,R,R,KCA,OF
fermf002,Fermin,Freddy,R,R,KCA,C
garcm003,Garcia,Maikel,R,R,KCA,3B
garra001,Garrett,Amir,R,L,KCA,P
greiz001,Greinke,Zack,R,R,KCA,P
heart001,Hearn,Taylor,L,L,KCA,P
heasj001,Heasley,Jonathan,R,R,KCA,P
hernc006,Hernandez,Carlos,R,R,KCA,P
isbek001,Isbel,Kyle,L,R,KCA,OF
kellb003,Keller,Brad,R,R,KCA,P
kowaj001,Kowar,Jackson,R,R,KCA,P
krisb001,Kriske,Brooks,R,R,KCA,P
loftn001,Loftin,Nick,R,R,KCA,1B
lopen001,Lopez,Nicky,L,R,KCA,2B
lylej001,Lyles,Jordan,R,R,KCA,P
lyncd001,Lynch,Daniel,L,L,KCA,P
marsa001,Marsh,Alec,R,R,KCA,P
massm001,Massey,Michael,L,R,KCA,2B
mayem001,Mayers,Mike,R,R,KCA,P
mcarj001,McArthur,James,R,R,KCA,P
mcmij001,McMillon,John,L,R,KCA,P
melem001,Melendez,MJ,L,R,KCA,OF
olive001,Olivares,Edward,R,R,KCA,OF
pasqv001,Pasquantino,Vinnie,L,L,KCA,1B
peres002,Perez,Salvador,R,R,KCA,C
portl001,Porter,Logan,R,R,KCA,C
pratn001,Pratto,Nick,L,L,KCA,1B
ragac001,Ragans,Cole,L,L,KCA,P
reyef001,Reyes,Franmil,R,R,KCA,DH
singb001,Singer,Brady,R,R,KCA,P
snidc001,Snider,Collin,R,R,KCA,P
stauj001,Staumont,Josh,R,R,KCA,P
taylj001,Taylor,Josh,L,L,KCA,P
tayls003,Taylor,Samad,R,R,KCA,OF
velan001,Velazquez,Nelson,R,R,KCA,OF
venea001,Veneziano,Anthony,L,L,KCA,P
wated001,Waters,Drew,B,R,KCA,OF
wittb002,Witt,Bobby,R,R,KCA,SS
wittn001,Wittgren,Nick,R,R,KCA,P
yarbr001,Yarbrough,Ryan,R,L,KCA,P
zerpa001,Zerpa,Angel,L,L,KCA,P
almoy001,Almonte,Yency,R,R,LAN,P
barna001,Barnes,Austin,R,R,LAN,C
bettm001,Betts,Mookie,R,R,LAN,OF
bickp001,Bickford,Phil,R,R,LAN,P
brasr001,Brasier,Ryan,R,R,LAN,P
bruij001,Bruihl,Justin,L,L,LAN,P
buscm003,Busch,Michael,L,R,LAN,3B
coved001,Covey,Dylan,R,R,LAN,P
cyr-t001,Cyr,Tyler,R,R,LAN,P
deluj001,Deluca,Jonny,R,R,LAN,OF
fergc001,Ferguson,Caleb,R,L,LAN,P
freef001,Freeman,Freddie,L,R,LAN,1B
gonst001,Gonsolin,Tony,R,R,LAN,P
gonzv001,Gonzalez,Victor,L,L,LAN,P
gratb002,Graterol,Brusdar,R,R,LAN,P
grovm001,Grove,Michael,R,R,LAN,P
herne001,Hernandez,Enrique,R,R,LAN,2B
herny003,Hernandez,Yonny,B,R,LAN,2B
heywj001,Heyward,Jason,L,L,LAN,OF
hudsb001,Hudson,Bryan,L,L,LAN,P
hudsd001,Hudson,Daniel,R,R,LAN,P
hurtk001,Hurt,Kyle,R,R,LAN,P
jacka003,Jackson,Andre,R,R,LAN,P
kellj001,Kelly,Joe,R,R,LAN,P
kersc001,Kershaw,Clayton,L,L,LAN,P
kolaa001,Kolarek,Adam,L,L,LAN,P
lynnl001,Lynn,Lance,B,R,LAN,P
marij002,Marisnick,Jake,R,R,LAN,OF
martj006,Martinez,J. D.,R,R,LAN,DH
may-d003,May,Dustin,R,R,LAN,P
millb005,Miller,Bobby,L,R,LAN,P
mills001,Miller,Shelby,R,R,LAN,P
millt003,Miller,Tyson,R,R,LAN,P
muncm001,Muncy,Max,L,R,LAN,3B
outmj002,Outman,James,L,R,LAN,OF
pepir001,Pepiot,Ryan,R,R,LAN,P
perad001,Peralta,David,L,L,LAN,OF
phile001,Phillips,Evan,R,R,LAN,P
reedj005,Reed,Jake,R,R,LAN,P
roben002,Robertson,Nick,R,R,LAN,P
rojam002,Rojas,Miguel,R,R,LAN,SS
rosaa003,Rosario,Amed,R,R,LAN,2B
scott004,Scott,Tayler,R,R,LAN,P
sheee001,Sheehan,Emmet,R,R,LAN,P
smitw003,Smith,Will,R,R,LAN,C
stong001,Stone,Gavin,R,R,LAN,P
suerw002,Suero,Wander,R,R,LAN,P
syndn001,Syndergaard,Noah,L,R,LAN,P
taylc001,Taylor,Chris,R,R,LAN,OF
thomt002,Thompson,Trayce,R,R,LAN,OF
uriaj001,Urias,Julio,L,L,LAN,P
vargm001,Vargas,Miguel,R,R,LAN,2B
varlg001,Varland,Gus,L,R,LAN,P
vesia001,Vesia,Alex,L,L,LAN,P
willl001,Williams,Luke,R,R,LAN,SS
wongk001,Wong,Kolten,L,R,LAN,PH
wynna001,Wynns,Austin,R,R,LAN,C
yarbr001,Yarbrough,Ryan,R,L,LAN,P
alcas001,Alcantara,Sandy,R,R,MIA,P
amayj001,Amaya,Jacob,R,R,MIA,SS
arral001,Arraez,Luis,L,R,MIA,2B
barnm001,Barnes,Matt,R,R,MIA,P
bellj005,Bell,Josh,B,R,MIA,1B
bertj001,Berti,Jon,R,R,MIA,SS
brada001,Bradley,Archie,R,R,MIA,P
brazh001,Brazoban,Huascar,R,R,MIA,P
burdp001,Burdick,Peyton,R,R,MIA,OF
burgj001,Burger,Jake,R,R,MIA,3B
cabre003,Cabrera,Edward,R,R,MIA,P
castd003,Castano,Daniel,L,L,MIA,P
charj001,Chargois,J. T.,B,R,MIA,P
chisj001,Chisholm,Jazz,L,R,MIA,OF
coopg002,Cooper,Garrett,R,R,MIA,1B
cuetj001,Cueto,Johnny,R,R,MIA,P
davij007,Davis,Jonathan,R,R,MIA,OF
dejee001,De Jesus,Enmanuel,L,L,MIA,P
delab001,De La Cruz,Bryan,R,R,MIA,OF
edwax001,Edwards,Xavier,B,R,MIA,2B
flord002,Floro,Dylan,L,R,MIA,P
fortn001,Fortes,Nick,R,R,MIA,C
garca003,Garcia,Avisail,R,R,MIA,OF
garcr008,Garcia,Robert,R,L,MIA,P
garrb001,Garrett,Braxton,R,L,MIA,P
gonzc002,Gonzalez,Chi Chi,R,R,MIA,P
gurry001,Gurriel,Yuli,R,R,MIA,1B
hampg001,Hampson,Garrett,R,R,MIA,SS
hartg001,Hartlieb,Geoff,R,R,MIA,P
hoeib001,Hoeing,Bryan,R,R,MIA,P
lindj006,Lindgren,Jeff,R,R,MIA,P
lopej004,Lopez,Jorge,R,R,MIA,P
luzaj001,Luzardo,Jesus,L,L,MIA,P
moorm003,Moore,Matt,L,L,MIA,P
myerd001,Myers,Dane,R,R,MIA,OF
narda001,Nardi,Andrew,L,L,MIA,P
nolis001,Nolin,Sean,L,L,MIA,P
okers001,Okert,Steven,L,L,MIA,P
peree004,Perez,Eury,R,R,MIA,P
puk-a001,Puk,A. J.,L,L,MIA,P
quezj001,Quezada,Johan,R,R,MIA,P
robed002,Robertson,David,R,R,MIA,P
roget003,Rogers,Trevor,L,L,MIA,P
sancj003,Sanchez,Jesus,L,R,MIA,OF
scott003,Scott,Tanner,R,L,MIA,P
seguj002,Segura,Jean,R,R,MIA,3B
smeld001,Smeltzer,Devin,R,L,MIA,P
solej001,Soler,Jorge,R,R,MIA,DH
sorig001,Soriano,George,R,R,MIA,P
stalj001,Stallings,Jacob,R,R,MIA,C
weatr001,Weathers,Ryan,R,L,MIA,P
wendj002,Wendle,Joey,L,R,MIA,SS
adamw002,Adames,Willy,R,R,MIL,SS
andeb006,Anderson,Brian,R,R,MIL,3B
andrc002,Andrews,Clayton,L,L,MIL,P
bousc001,Boushley,Caleb,R,R,MIL,P
brosm001,Brosseau,Mike,R,R,MIL,3B
bukaj001,Bukauskas,J. B.,R,R,MIL,P
burnc002,Burnes,Corbin,R,R,MIL,P
bushm001,Bush,Matt,R,R,MIL,P
canhm001,Canha,Mark,R,R,MIL,DH
carav001,Caratini,Victor,B,R,MIL,C
chafa001,Chafin,Andrew,R,L,MIL,P
claua001,Claudio,Alex,L,L,MIL,P
contw002,Contreras,William,R,R,MIL,C
cousj001,Cousins,Jake,R,R,MIL,P
donaj001,Donaldson,Josh,R,R,MIL,3B
frels001,Frelick,Sal,L,R,MIL,OF
guerj004,Guerra,Javy,L,R,MIL,P
housa001,Houser,Adrian,R,R,MIL,P
jonej007,Jones,Jahmai,R,R,MIL,PR
junkj001,Junk,Janson,R,R,MIL,P
lauee001,Lauer,Eric,R,L,MIL,P
megit001,Megill,Trevor,L,R,MIL,P
mejij002,Mejia,J. C.,R,R,MIL,P
milew001,Miley,Wade,L,L,MIL,P
millo002,Miller,Owen,R,R,MIL,2B
millt003,Miller,Tyson,R,R,MIL,P
milnh001,Milner,Hoby,L,L,MIL,P
mitcg001,Mitchell,Garrett,L,R,MIL,OF
monaa001,Monasterio,Andruw,R,R,MIL,3B
pannt001,Pannone,Thomas,L,L,MIL,P
payaj001,Payamps,Joel,R,R,MIL,P
pegue001,Peguero,Elvis,R,R,MIL,P
peraf001,Peralta,Freddy,R,R,MIL,P
perkb002,Perkins,Blake,B,R,MIL,OF
rea-c001,Rea,Colin,R,R,MIL,P
ruf-d001,Ruf,Darin,R,R,MIL,DH
santc002,Santana,Carlos,B,R,MIL,1B
singj001,Singleton,Jon,L,L,MIL,1B
smale001,Small,Ethan,L,L,MIL,P
sousb001,Sousa,Bennett,L,L,MIL,P
strzp001,Strzelecki,Peter,R,R,MIL,P
tapir001,Tapia,Raimel,L,L,MIL,OF
taylt002,Taylor,Tyrone,R,R,MIL,OF
tehej001,Teheran,Julio,R,R,MIL,P
tellr001,Tellez,Rowdy,L,L,MIL,1B
toroa001,Toro,Abraham,B,R,MIL,3B
turab002,Turang,Brice,L,R,MIL,2B
urial001,Urias,Luis,R,R,MIL,3B
uriba001,Uribe,Abner,R,R,MIL,P
varlg001,Varland,Gus,L,R,MIL,P
vieit001,Vieira,Thyago,R,R,MIL,P
voitl001,Voit,Luke,R,R,MIL,1B
wiemj001,Wiemer,Joey,R,R,MIL,OF
willd004,Williams,Devin,R,R,MIL,P
wilsb003,Wilson,Bryse,R,R,MIL,P
winkj002,Winker,Jesse,L,L,MIL,DH
woodb005,Woodruff,Brandon,L,R,MIL,P
yelic001,Yelich,Christian,L,R,MIL,OF
alcaj001,Alcala,Jorge,R,R,MIN,P
balaj001,Balazovic,Jordan,R,R,MIN,P
buxtb001,Buxton,Byron,R,R,MIN,DH
castw003,Castro,Willi,B,R,MIN,OF
corrc001,Correa,Carlos,R,R,MIN,SS
delej003,De Leon,Jose,R,R,MIN,P
duraj002,Duran,Jhoan,R,R,MIN,P
farmk001,Farmer,Kyle,R,R,MIN,3B
flord002,Floro,Dylan,L,R,MIN,P
fundk001,Funderburk,Kody,L,L,MIN,P
gallj002,Gallo,Joey,L,R,MIN,OF
garlk001,Garlick,Kyle,R,R,MIN,OF
gordn001,Gordon,Nick,L,R,MIN,OF
grays001,Gray,Sonny,R,R,MIN,P
headb001,Headrick,Brent,L,L,MIN,P
jax-g001,Jax,Griffin,R,R,MIN,P
jeffr002,Jeffers,Ryan,R,R,MIN,C
julie001,Julien,Edouard,L,R,MIN,2B
keplm001,Kepler,Max,L,L,MIN,OF
keucd001,Keuchel,Dallas,L,L,MIN,P
kiria001,Kirilloff,Alex,L,L,MIN,1B
larnt001,Larnach,Trevor,L,R,MIN,OF
lewir003,Lewis,Royce,R,R,MIN,3B
lopej004,Lopez,Jorge,R,R,MIN,P
lopep002,Lopez,Pablo,L,R,MIN,P
luplj001,Luplow,Jordan,R,R,MIN,OF
maedk001,Maeda,Kenta,R,R,MIN,P
mahlt001,Mahle,Tyler,R,R,MIN,P
miraj002,Miranda,Jose,R,R,MIN,3B
moraj003,Moran,Jovani,L,L,MIN,P
oberb002,Ober,Bailey,R,R,MIN,P
orteo001,Ortega,Oliver,R,R,MIN,P
paddc001,Paddack,Chris,R,R,MIN,P
pagae001,Pagan,Emilio,L,R,MIN,P
polaj001,Polanco,Jorge,B,R,MIN,2B
rodrd001,Rodriguez,Dereck,R,R,MIN,P
ryanj002,Ryan,Joe,R,R,MIN,P
sandc001,Sands,Cole,R,R,MIN,P
solad001,Solano,Donovan,R,R,MIN,1B
steva001,Stevenson,Andrew,L,L,MIN,OF
stewb001,Stewart,Brock,L,R,MIN,P
taylm002,Taylor,Michael,R,R,MIN,OF
thiec001,Thielbar,Caleb,R,L,MIN,P
varll001,Varland,Louie,L,R,MIN,P
vazqc001,Vazquez,Christian,R,R,MIN,C
wallm001,Wallner,Matt,L,R,MIN,OF
windj002,Winder,Josh,R,R,MIN,P
woods002,Woods Richardson,Simeon,R,R,MIN,P
acunr001,Acuna,Ronald,R,R,NLS,OF
albio001,Albies,Ozzie,B,R,NLS,2B
alonp001,Alonso,Pete,R,R,NLS,PH
arcio002,Arcia,Orlando,R,R,NLS,SS
arenn001,Arenado,Nolan,R,R,NLS,3B
arral001,Arraez,Luis,L,R,NLS,2B
bettm001,Betts,Mookie,R,R,NLS,OF
carrc005,Carroll,Corbin,L,L,NLS,OF
castn001,Castellanos,Nick,R,R,NLS,OF
cobba001,Cobb,Alex,R,R,NLS,P
diaza004,Diaz,Alexis,R,R,NLS,P
diaze005,Diaz,Elias,R,R,NLS,PH
dovac001,Doval,Camilo,R,R,NLS,P
freef001,Freeman,Freddie,L,R,NLS,1B
gallz001,Gallen,Zac,R,R,NLS,P
grayj004,Gray,Josiah,R,R,NLS,P
gurrl001,Gurriel,Lourdes,R,R,NLS,OF
hadej001,Hader,Josh,L,L,NLS,P
kellm003,Keller,Mitch,R,R,NLS,P
kimbc001,Kimbrel,Craig,R,R,NLS,P
martj006,Martinez,J. D.,R,R,NLS,DH
murps001,Murphy,Sean,R,R,NLS,C
olsom001,Olson,Matt,L,R,NLS,1B
perdg001,Perdomo,Geraldo,B,R,NLS,SS
rilea001,Riley,Austin,R,R,NLS,3B
smitw003,Smith,Will,R,R,NLS,C
solej001,Soler,Jorge,R,R,NLS,PH
sotoj001,Soto,Juan,L,L,NLS,PH
steej002,Steele,Justin,L,L,NLS,P
abrea001,Abreu,Albert,R,R,NYA,P
alleg002,Allen,Greg,B,R,NYA,OF
badeh001,Bader,Harrison,R,R,NYA,OF
bauej001,Bauers,Jake,L,L,NYA,OF
bowmm001,Bowman,Matthew,R,R,NYA,P
brewc002,Brewer,Colten,R,R,NYA,P
britj003,Brito,Jhony,R,R,NYA,P
cabro002,Cabrera,Oswaldo,B,R,NYA,OF
calhw001,Calhoun,Willie,L,R,NYA,DH
coleg001,Cole,Gerrit,R,R,NYA,P
cordf003,Cordero,Franchy,L,R,NYA,OF
cordj001,Cordero,Jimmy,R,R,NYA,P
cortn001,Cortes,Nestor,R,L,NYA,P
domij003,Dominguez,Jasson,B,R,NYA,OF
donaj001,Donaldson,Josh,R,R,NYA,3B
flore001,Florial,Estevan,L,R,NYA,OF
garcd003,Garcia,Deivi,R,R,NYA,P
germd001,German,Domingo,R,R,NYA,P
gomey002,Gomez,Yoendrys,R,R,NYA,P
hamii001,Hamilton,Ian,R,R,NYA,P
hicka001,Hicks,Aaron,B,R,NYA,OF
higak001,Higashioka,Kyle,R,R,NYA,C
holmc001,Holmes,Clay,R,R,NYA,P
judga001,Judge,Aaron,R,R,NYA,OF
kahnt001,Kahnle,Tommy,R,R,NYA,P
kinei001,Kiner-Falefa,Isiah,R,R,NYA,OF
kingm002,King,Mike,R,R,NYA,P
kroom002,Krook,Matt,L,L,NYA,P
lemad001,LeMahieu,DJ,R,R,NYA,3B
loaij001,Loaisiga,Jonathan,R,R,NYA,P
marir001,Marinaccio,Ron,R,R,NYA,P
mcalz001,McAllister,Zach,R,R,NYA,P
mckib001,McKinney,Billy,L,L,NYA,OF
middk001,Middleton,Keynan,R,R,NYA,P
misia001,Misiewicz,Anthony,R,L,NYA,P
montf001,Montas,Frankie,R,R,NYA,P
peraw002,Peralta,Wandy,L,L,NYA,P
perao002,Peraza,Oswald,R,R,NYA,3B
peree005,Pereira,Everson,R,R,NYA,OF
ramin003,Ramirez,Nick,L,L,NYA,P
rizza001,Rizzo,Anthony,L,L,NYA,1B
rodoc001,Rodon,Carlos,L,L,NYA,P
rortb001,Rortvedt,Ben,L,R,NYA,C
schmc002,Schmidt,Clarke,R,R,NYA,P
sevel001,Severino,Luis,R,R,NYA,P
stanm004,Stanton,Giancarlo,R,R,NYA,DH
torrg001,Torres,Gleyber,R,R,NYA,2B
trevj001,Trevino,Jose,R,R,NYA,C
vasqr001,Vasquez,Randy,R,R,NYA,P
volpa001,Volpe,Anthony,R,R,NYA,SS
weavl001,Weaver,Luke,R,R,NYA,P
weber001,Weber,Ryan,R,R,NYA,P
weisg001,Weissert,Greg,R,R,NYA,P
wella002,Wells,Austin,L,R,NYA,C
almoa001,Almonte,Abraham,B,R,NYN,PH
alonp001,Alonso,Pete,R,R,NYN,1B
alvaf001,Alvarez,Francisco,R,R,NYN,C
arauj001,Arauz,Jonathan,B,R,NYN,3B
batyb001,Baty,Brett,L,R,NYN,3B
bickp001,Bickford,Phil,R,R,NYN,P
brigj002,Brigham,Jeff,R,R,NYN,P
buttj001,Butto,Jose,R,R,NYN,P
canhm001,Canha,Mark,R,R,NYN,OF
carrc003,Carrasco,Carlos,R,R,NYN,P
coons001,Coonrod,Sam,R,R,NYN,P
curtj003,Curtiss,John,R,R,NYN,P
escoe001,Escobar,Eduardo,B,R,NYN,3B
garrr001,Garrett,Reed,R,R,NYN,P
gottt001,Gott,Trevor,R,R,NYN,P
guill001,Guillorme,Luis,L,R,NYN,2B
hartg002,Hartwig,Grant,R,R,NYN,P
huntt002,Hunter,Tommy,R,R,NYN,P
kay-a001,Kay,Anthony,L,L,NYN,P
kolaa001,Kolarek,Adam,L,L,NYN,P
leond003,Leone,Dominic,R,R,NYN,P
lindf001,Lindor,Francisco,B,R,NYN,SS
locat001,Locastro,Tim,R,R,NYN,OF
luccj001,Lucchesi,Joey,L,L,NYN,P
marts002,Marte,Starling,R,R,NYN,OF
maurr002,Mauricio,Ronny,B,R,NYN,2B
mcfat001,McFarland,T. J.,L,L,NYN,P
mcnej002,McNeil,Jeff,L,R,NYN,2B
megit002,Megill,Tylor,R,R,NYN,P
mendd002,Mendick,Danny,R,R,NYN,2B
millt003,Miller,Tyson,R,R,NYN,P
muckz001,Muckenhirn,Zach,L,L,NYN,P
narvo001,Narvaez,Omar,L,R,NYN,C
nidot001,Nido,Tomas,R,R,NYN,C
nimmb001,Nimmo,Brandon,L,R,NYN,OF
nittv001,Nittoli,Vinny,R,R,NYN,P
nogos001,Nogosek,Stephen,R,R,NYN,P
orter001,Ortega,Rafael,L,R,NYN,OF
ottaa001,Ottavino,Adam,B,R,NYN,P
perem005,Perez,Michael,L,R,NYN,C
peted003,Peterson,David,L,L,NYN,P
phamt001,Pham,Tommy,R,R,NYN,OF
quinj001,Quintana,Jose,R,L,NYN,P
raleb001,Raley,Brooks,L,L,NYN,P
reids001,Reid-Foley,Sean,R,R,NYN,P
reyed002,Reyes,Denyi,R,R,NYN,P
robed002,Robertson,David,R,R,NYN,P
sancg002,Sanchez,Gary,R,R,NYN,C
santd003,Santana,Dennis,R,R,NYN,P
schem001,Scherzer,Max,R,R,NYN,P
sengk001,Senga,Kodai,L,R,NYN,P
smitd009,Smith,Drew,R,R,NYN,P
stewd002,Stewart,DJ,L,R,NYN,OF
ucete001,Uceta,Edwin,R,R,NYN,P
verlj001,Verlander,Justin,R,R,NYN,P
vienm001,Vientos,Mark,R,R,NYN,DH
voged001,Vogelbach,Dan,L,R,NYN,DH
walkj004,Walker,Josh,L,L,NYN,P
yacaj001,Yacabonis,Jimmy,R,R,NYN,P
acevd001,Acevedo,Domingo,R,R,OAK,P
actog001,Acton,Garrett,L,R,OAK,P
aguij001,Aguilar,Jesus,R,R,OAK,1B
allen002,Allen,Nick,R,R,OAK,SS
blacp001,Blackburn,Paul,R,R,OAK,P
bledj001,Bleday,JJ,L,L,OAK,OF
boylj001,Boyle,Joe,R,R,OAK,P
bridj001,Bride,Jonah,R,R,OAK,3B
brows003,Brown,Seth,L,L,OAK,OF
butll001,Butler,Lawrence,L,R,OAK,OF
capec001,Capel,Conner,L,L,OAK,OF
diaza003,Diaz,Aledmys,R,R,OAK,3B
diazj008,Diaz,Jordan,R,R,OAK,3B
ercel001,Erceg,Lucas,L,R,OAK,P
estej001,Estes,Joey,R,R,OAK,P
famij001,Familia,Jeurys,R,R,OAK,P
felia001,Felipe,Angel,R,R,OAK,P
fujis001,Fujinami,Shintaro,R,R,OAK,P
garcr006,Garcia,Rico,R,R,OAK,P
geloz001,Gelof,Zack,R,R,OAK,2B
harrh002,Harris,Hogan,R,L,OAK,P
jackz002,Jackson,Zach,R,R,OAK,P
jimed002,Jimenez,Dany,R,R,OAK,P
kaprj001,Kaprielian,James,R,R,OAK,P
kempt001,Kemp,Tony,L,R,OAK,OF
langs001,Langeliers,Shea,R,R,OAK,C
laurr001,Laureano,Ramon,R,R,OAK,OF
longs002,Long,Sam,L,L,OAK,P
lover001,Lovelady,Richard,L,L,OAK,P
lucae002,Lucas,Easton,L,L,OAK,P
marta006,Martinez,Adrian,R,R,OAK,P
may-t001,May,Trevor,R,R,OAK,P
medil002,Medina,Luis,R,R,OAK,P
millm004,Miller,Mason,R,R,OAK,P
molls001,Moll,Sam,L,L,OAK,P
mullk001,Muller,Kyle,R,L,OAK,P
nealz001,Neal,Zach,R,R,OAK,P
newcs001,Newcomb,Sean,L,L,OAK,P
nodar001,Noda,Ryan,L,L,OAK,1B
ollea001,Oller,Adam,R,R,OAK,P
patts002,Patton,Spencer,R,R,OAK,P
perec003,Perez,Carlos,R,R,OAK,C
peref002,Perez,Francisco,B,L,OAK,P
petej002,Peterson,Jace,L,R,OAK,3B
pinam001,Pina,Manny,R,R,OAK,DH
pruia001,Pruitt,Austin,R,R,OAK,P
riosy001,Rios,Yacksel,R,R,OAK,P
rookb001,Rooker,Brent,R,R,OAK,DH
rucid001,Rucinski,Drew,R,R,OAK,P
ruize001,Ruiz,Esteury,R,R,OAK,OF
scott004,Scott,Tayler,R,R,OAK,P
searj001,Sears,JP,R,L,OAK,P
smitc007,Smith,Chad,R,R,OAK,P
smitk003,Smith,Kevin,R,R,OAK,SS
sneak001,Snead,Kirby,L,L,OAK,P
sodet001,Soderstrom,Tyler,L,R,OAK,C
sweed002,Sweet,Devin,B,R,OAK,P
tarnf001,Tarnok,Freddy,R,R,OAK,P
thomc003,Thomas,Cody,L,R,OAK,OF
wadet002,Wade,Tyler,L,R,OAK,SS
waldk003,Waldichuk,Ken,L,L,OAK,P
watks003,Watkins,Spenser,R,R,OAK,P
alvaj004,Alvarado,Jose,L,L,PHI,P
bella001,Bellatti,Andrew,R,R,PHI,P
bohma001,Bohm,Alec,R,R,PHI,3B
brogc001,Brogdon,Connor,R,R,PHI,P
castn001,Castellanos,Nick,R,R,PHI,OF
castr006,Castro,Rodolfo,B,R,PHI,3B
cavej001,Cave,Jake,L,L,PHI,OF
clemk001,Clemens,Kody,L,R,PHI,1B
coved001,Covey,Dylan,R,R,PHI,P
domis001,Dominguez,Seranthony,R,R,PHI,P
ellid002,Ellis,Drew,R,R,PHI,1B
faltb001,Falter,Bailey,R,L,PHI,P
guthd001,Guthrie,Dalton,R,R,PHI,OF
halld003,Hall,Darick,L,R,PHI,1B
harpb003,Harper,Bryce,L,R,PHI,DH
harrj002,Harrison,Josh,R,R,PHI,3B
hoffj003,Hoffman,Jeff,R,R,PHI,P
kerko001,Kerkering,Orion,R,R,PHI,P
kimbc001,Kimbrel,Craig,R,R,PHI,P
lorem002,Lorenzen,Michael,R,R,PHI,P
marsb002,Marsh,Brandon,L,R,PHI,OF
marty001,Marte,Yunior,R,R,PHI,P
moorm004,Moore,McKinley,R,R,PHI,P
nelsn001,Nelson,Nick,R,R,PHI,P
nolaa001,Nola,Aaron,R,R,PHI,P
ortil002,Ortiz,Luis,R,R,PHI,P
pachc001,Pache,Cristian,R,R,PHI,OF
plasm001,Plassmeyer,Michael,L,L,PHI,P
realj001,Realmuto,J. T.,R,R,PHI,C
rojaj003,Rojas,Johan,R,R,PHI,OF
sancc002,Sanchez,Cristopher,L,L,PHI,P
schwk001,Schwarber,Kyle,L,R,PHI,OF
sosae001,Sosa,Edmundo,R,R,PHI,3B
sotog003,Soto,Gregory,L,L,PHI,P
stotb001,Stott,Bryson,L,R,PHI,2B
stram001,Strahm,Matt,R,L,PHI,P
stubg001,Stubbs,Garrett,L,R,PHI,C
suarr001,Suarez,Ranger,L,L,PHI,P
turnt001,Turner,Trea,R,R,PHI,SS
uelme001,Uelmen,Erich,R,R,PHI,P
vasqa002,Vasquez,Andrew,L,L,PHI,P
walkt004,Walker,Taijuan,B,R,PHI,P
wheez001,Wheeler,Zack,L,R,PHI,P
wilsw002,Wilson,Weston,R,R,PHI,OF
andum001,Andujar,Miguel,R,R,PIT,OF
bae-j001,Bae,Ji Hwan,L,R,PIT,2B
bednd001,Bednar,David,L,R,PIT,P
bidoo001,Bido,Osvaldo,R,R,PIT,P
boltc001,Bolton,Cody,R,R,PIT,P
borur001,Borucki,Ryan,L,L,PIT,P
caprv001,Capra,Vinny,R,R,PIT,3B
castr006,Castro,Rodolfo,B,R,PIT,2B
choij001,Choi,Ji Man,L,R,PIT,DH
contr001,Contreras,Roansy,R,R,PIT,P
croww001,Crowe,Wil,R,R,PIT,P
cruzo001,Cruz,Oneil,L,R,PIT,SS
davih001,Davis,Henry,R,R,PIT,OF
dejoc001,De Jong,Chase,L,R,PIT,P
deloy001,De Los Santos,Yerry,R,R,PIT,P
delaj004,Delay,Jason,R,R,PIT,C
faltb001,Falter,Bailey,R,L,PIT,P
gonzn001,Gonzales,Nick,R,R,PIT,2B
hatct001,Hatch,Thomas,R,R,PIT,P
hayek001,Hayes,Ke'Bryan,R,R,PIT,3B
hedga001,Hedges,Austin,R,R,PIT,C
heint001,Heineman,Tyler,B,R,PIT,C
hernj005,Hernandez,Jose,L,L,PIT,P
hillr001,Hill,Rich,L,L,PIT,P
holdc001,Holderman,Colin,R,R,PIT,P
jacka003,Jackson,Andre,R,R,PIT,P
joe-c001,Joe,Connor,R,R,PIT,OF
kellm003,Keller,Mitch,R,R,PIT,P
maggd001,Maggi,Drew,R,R,PIT,PH
marct001,Marcano,Tucupita,L,R,PIT,SS
mathm002,Mathias,Mark,R,R,PIT,2B
mccua001,McCutchen,Andrew,R,R,PIT,DH
mitcc002,Mitchell,Cal,L,L,PIT,PH
mlodc001,Mlodzinski,Carmen,R,R,PIT,P
mored002,Moreta,Dauri,R,R,PIT,P
nicok001,Nicolas,Kyle,R,R,PIT,P
ortil003,Ortiz,Luis,R,R,PIT,P
oviej001,Oviedo,Johan,R,R,PIT,P
owinc001,Owings,Chris,R,R,PIT,SS
palaj001,Palacios,Joshua,L,R,PIT,OF
pegul001,Peguero,Liover,R,R,PIT,SS
perda001,Perdomo,Angel,L,L,PIT,P
prieq001,Priester,Quinn,R,R,PIT,P
ramiy002,Ramirez,Yohan,R,R,PIT,P
reynb001,Reynolds,Bryan,B,R,PIT,OF
rivaa001,Rivas,Alfonso,L,L,PIT,1B
rodre006,Rodriguez,Endy,B,R,PIT,C
santc002,Santana,Carlos,B,R,PIT,1B
selbc001,Selby,Colin,R,R,PIT,P
smitc008,Smith-Njigba,Canaan,L,R,PIT,OF
stepr002,Stephenson,Robert,R,R,PIT,P
strah001,Stratton,Hunter,R,R,PIT,P
suwij001,Suwinski,Jack,L,L,PIT,OF
trioj001,Triolo,Jared,R,R,PIT,3B
unded001,Underwood,Duane,R,R,PIT,P
velav001,Velasquez,Vince,R,R,PIT,P
willa005,Williams,Alika,R,R,PIT,SS
zastr001,Zastryzny,Rob,R,L,PIT,P
avilp001,Avila,Pedro,R,R,SDN,P
azocj001,Azocar,Jose,R,R,SDN,OF
barls001,Barlow,Scott,R,R,SDN,P
battm001,Batten,Matthew,R,R,SDN,3B
bogax001,Bogaerts,Xander,R,R,SDN,SS
campl002,Campusano,Luis,R,R,SDN,C
carld003,Carlton,Drew,R,R,SDN,P
carpm002,Carpenter,Matt,L,R,SDN,DH
castj007,Castillo,Jose,L,L,SDN,P
choij001,Choi,Ji Man,L,R,SDN,1B
coopg002,Cooper,Garrett,R,R,SDN,1B
cosgt001,Cosgrove,Tom,L,L,SDN,P
crisn001,Crismatt,Nabil,R,R,SDN,P
cronj001,Cronenworth,Jake,L,R,SDN,1B
cruzn002,Cruz,Nelson,R,R,SDN,DH
dahld001,Dahl,David,L,R,SDN,OF
darvy001,Darvish,Yu,R,R,SDN,P
dixob001,Dixon,Brandon,R,R,SDN,1B
engea001,Engel,Adam,R,R,SDN,OF
espaj001,Espada,Jose,R,R,SDN,P
gameb001,Gamel,Ben,L,L,SDN,OF
garcl005,Garcia,Luis,R,R,SDN,P
grist001,Grisham,Trent,L,L,SDN,OF
hadej001,Hader,Josh,L,L,SDN,P
hernn001,Hernandez,Nick,R,R,SDN,P
hillr001,Hill,Rich,L,L,SDN,P
hillt002,Hill,Tim,R,L,SDN,P
honeb001,Honeywell,Brent,R,R,SDN,P
jacoa001,Jacob,Alek,L,R,SDN,P
kerrr001,Kerr,Ray,L,L,SDN,P
kim-h002,Kim,Ha-Seong,R,R,SDN,2B
knehr001,Knehr,Reiss,L,R,SDN,P
kohlt001,Kohlwey,Taylor,L,L,SDN,OF
lugos001,Lugo,Seth,R,R,SDN,P
machm001,Machado,Manny,R,R,SDN,3B
martn002,Martinez,Nick,L,R,SDN,P
morea001,Morejon,Adrian,L,L,SDN,P
musgj001,Musgrove,Joe,R,R,SDN,P
nolaa002,Nola,Austin,R,R,SDN,C
odorr001,Odor,Rougned,L,R,SDN,2B
profj001,Profar,Jurickson,B,R,SDN,OF
rivaa001,Rivas,Alfonso,L,L,SDN,1B
rosae002,Rosario,Eguy,R,R,SDN,3B
sancg002,Sanchez,Gary,R,R,SDN,C
seagc002,Seagle,Chandler,R,R,SDN,PH
snelb001,Snell,Blake,L,L,SDN,P
sotoj001,Soto,Juan,L,L,SDN,OF
suarr002,Suarez,Robert,R,R,SDN,P
sullb001,Sullivan,Brett,L,R,SDN,C
tapid001,Tapia,Domingo,R,R,SDN,P
tatif002,Tatis,Fernando,R,R,SDN,OF
wachm001,Wacha,Michael,R,R,SDN,P
waldm003,Waldron,Matt,R,R,SDN,P
weatr001,Weathers,Ryan,R,L,SDN,P
wilss002,Wilson,Steven,R,R,SDN,P
wolfj001,Wolf,Jackson,L,L,SDN,P
adcot001,Adcock,Ty,R,R,SEA,P
bazae001,Bazardo,Eduard,R,R,SEA,P
berrp001,Berroa,Prelander,R,R,SEA,P
brasm001,Brash,Matt,R,R,SEA,P
bukaj001,Bukauskas,J. B.,R,R,SEA,P
cabaj001,Caballero,Jose,R,R,SEA,2B
campi001,Campbell,Isaiah,R,R,SEA,P
canzd001,Canzone,Dominic,L,R,SEA,OF
castd002,Castillo,Diego,R,R,SEA,P
castl003,Castillo,Luis,R,R,SEA,P
crawj002,Crawford,J. P.,L,R,SEA,SS
festm001,Festa,Matt,R,R,SEA,P
flexc001,Flexen,Chris,R,R,SEA,P
fordm002,Ford,Mike,L,R,SEA,DH
frant002,France,Ty,R,R,SEA,1B
gilbl002,Gilbert,Logan,R,R,SEA,P
gonzm005,Gonzales,Marco,L,L,SEA,P
gottt001,Gott,Trevor,R,R,SEA,P
haggs001,Haggerty,Sam,B,R,SEA,PH
hance001,Hancock,Emerson,R,R,SEA,P
hernt002,Hernandez,Teoscar,R,R,SEA,OF
hummc001,Hummel,Cooper,B,R,SEA,DH
kelej001,Kelenic,Jarred,L,L,SEA,OF
kirbg001,Kirby,George,R,R,SEA,P
lastt001,La Stella,Tommy,L,R,SEA,DH
leond003,Leone,Dominic,R,R,SEA,P
marlc001,Marlowe,Cade,L,R,SEA,OF
mccad002,McCaughan,Darren,R,R,SEA,P
mcgee001,McGee,Easton,R,R,SEA,P
millb004,Miller,Bryce,R,R,SEA,P
milot001,Milone,Tommy,L,L,SEA,P
moord002,Moore,Dylan,R,R,SEA,2B
munoa002,Munoz,Andres,R,R,SEA,P
murfp001,Murfee,Penn,R,R,SEA,P
murpt002,Murphy,Tom,R,R,SEA,C
okeeb001,O'Keefe,Brian,R,R,SEA,C
polla001,Pollock,AJ,R,R,SEA,OF
ralec001,Raleigh,Cal,B,R,SEA,C
ray-r002,Ray,Robbie,L,L,SEA,P
rodrj006,Rodriguez,Jose,R,R,SEA,P
rodrj007,Rodriguez,Julio,R,R,SEA,OF
rojaj001,Rojas,Josh,L,R,SEA,2B
ryanr002,Ryan,Ryder,R,R,SEA,P
sauct001,Saucedo,Tayler,L,L,SEA,P
sewap001,Sewald,Paul,R,R,SEA,P
speig001,Speier,Gabe,L,L,SEA,P
suare001,Suarez,Eugenio,R,R,SEA,3B
sweed002,Sweet,Devin,B,R,SEA,P
thenj001,Then,Juan,R,R,SEA,P
thort002,Thornton,Trent,R,R,SEA,P
topaj001,Topa,Justin,R,R,SEA,P
torrl001,Torrens,Luis,R,R,SEA,PH
tramt001,Trammell,Taylor,L,L,SEA,OF
weavl001,Weaver,Luke,R,R,SEA,P
wongk001,Wong,Kolten,L,R,SEA,2B
woo-b001,Woo,Bryan,R,R,SEA,P
alexs001,Alexander,Scott,L,L,SFN,P
bailp001,Bailey,Patrick,B,R,SFN,C
bartj003,Bart,Joey,R,R,SFN,C
beatm001,Beaty,Matt,L,R,SFN,PH
beckt002,Beck,Tristan,R,R,SFN,P
brebj001,Brebbia,John,L,R,SFN,P
camaj001,Camargo,Johan,B,R,SFN,SS
cobba001,Cobb,Alex,R,R,SFN,P
confm001,Conforto,Michael,L,R,SFN,OF
crawb001,Crawford,Brandon,L,R,SFN,SS
davij006,Davis,J. D.,R,R,SFN,3B
dejop001,DeJong,Paul,R,R,SFN,SS
desca001,DeSclafani,Anthony,R,R,SFN,P
diazi001,Diaz,Isan,L,R,SFN,2B
dovac001,Doval,Camilo,R,R,SFN,P
estrt001,Estrada,Thairo,R,R,SFN,2B
fitzt001,Fitzgerald,Tyler,R,R,SFN,OF
florw001,Flores,Wilmer,R,R,SFN,1B
hanim001,Haniger,Mitch,R,R,SFN,OF
harrk001,Harrison,Kyle,R,L,SFN,P
hjels001,Hjelle,Sean,R,R,SFN,P
jackl001,Jackson,Luke,R,R,SFN,P
johnb005,Johnson,Bryce,B,R,SFN,OF
junij001,Junis,Jakob,R,R,SFN,P
llovm001,Llovera,Mauricio,R,R,SFN,P
lucim001,Luciano,Marco,R,R,SFN,SS
manas001,Manaea,Sean,R,L,SFN,P
mathm002,Mathias,Mark,R,R,SFN,2B
matol002,Matos,Luis,R,R,SFN,OF
meckw001,Meckler,Wade,L,R,SFN,OF
pedej001,Pederson,Joc,L,L,SFN,DH
perer003,Perez,Roberto,R,R,SFN,C
polla001,Pollock,AJ,R,R,SFN,OF
ramoh002,Ramos,Heliot,R,R,SFN,OF
roget001,Rogers,Taylor,L,L,SFN,P
roget002,Rogers,Tyler,R,R,SFN,P
ruf-d001,Ruf,Darin,R,R,SFN,DH
sabob001,Sabol,Blake,L,R,SFN,C
schmc003,Schmitt,Casey,R,R,SFN,SS
slata001,Slater,Austin,R,R,SFN,PH
stevc001,Stevenson,Cal,L,L,SFN,OF
strir001,Stripling,Ross,R,R,SFN,P
villd001,Villar,David,R,R,SFN,2B
wadel001,Wade,LaMonte,L,L,SFN,1B
waitc001,Waites,Cole,R,R,SFN,P
walkr001,Walker,Ryan,R,R,SFN,P
webbl001,Webb,Logan,R,R,SFN,P
winnk001,Winn,Keaton,R,R,SFN,P
wiseb001,Wisely,Brett,L,R,SFN,2B
wooda002,Wood,Alex,R,L,SFN,P
wynna001,Wynns,Austin,R,R,SFN,C
yastm001,Yastrzemski,Mike,L,L,SFN,OF
arenn001,Arenado,Nolan,R,R,SLN,3B
bakel001,Baker,Luken,R,R,SLN,DH
barnj002,Barnes,Jacob,R,R,SLN,P
barrt004,Barrera,Tres,R,R,SLN,C
burla001,Burleson,Alec,L,L,SLN,OF
cabrg001,Cabrera,Genesis,L,L,SLN,P
carld002,Carlson,Dylan,B,L,SLN,OF
contw001,Contreras,Willson,R,R,SLN,C
dejop001,DeJong,Paul,R,R,SLN,SS
donob001,Donovan,Brendan,L,R,SLN,2B
edmat001,Edman,Tommy,B,R,SLN,2B
fermj001,Fermin,Jose,R,R,SLN,2B
flahj002,Flaherty,Jack,R,R,SLN,P
gallg001,Gallegos,Giovanny,R,R,SLN,P
goldp001,Goldschmidt,Paul,R,R,SLN,1B
gormn001,Gorman,Nolan,L,R,SLN,2B
helsr001,Helsley,Ryan,R,R,SLN,P
herri001,Herrera,Ivan,R,R,SLN,C
hickj002,Hicks,Jordan,R,R,SLN,P
hudsd002,Hudson,Dakota,R,R,SLN,P
kingj002,King,John,L,L,SLN,P
kniza001,Knizner,Andrew,R,R,SLN,C
lawrc001,Lawrence,Casey,R,R,SLN,P
leahk001,Leahy,Kyle,B,R,SLN,P
libem001,Liberatore,Matthew,L,L,SLN,P
lopei001,Lopez,Irving,L,R,SLN,3B
matzs001,Matz,Steven,R,L,SLN,P
merco003,Mercado,Oscar,R,R,SLN,OF
mikom001,Mikolas,Miles,R,R,SLN,P
montj004,Montgomery,Jordan,L,L,SLN,P
mottt001,Motter,Taylor,R,R,SLN,2B
nailj001,Naile,James,R,R,SLN,P
naugp001,Naughton,Packy,R,L,SLN,P
nootl001,Nootbaar,Lars,L,R,SLN,OF
oneit001,O'Neill,Tyler,R,R,SLN,OF
palar002,Palacios,Richie,L,R,SLN,OF
palla001,Pallante,Andre,R,R,SLN,P
querj001,Querecuto,Juniel,B,R,SLN,3B
rom-d001,Rom,Drew,L,L,SLN,P
romej002,Romero,JoJo,L,L,SLN,P
sianm001,Siani,Michael,L,L,SLN,OF
strac001,Stratton,Chris,R,R,SLN,P
suara002,Suarez,Andrew,L,L,SLN,P
teper001,Tepera,Ryan,R,R,SLN,P
thomz002,Thompson,Zack,L,L,SLN,P
verhd001,VerHagen,Drew,R,R,SLN,P
waina001,Wainwright,Adam,R,R,SLN,P
walkj003,Walker,Jordan,R,R,SLN,OF
winnm001,Winn,Masyn,R,R,SLN,SS
woodj003,Woodford,Jake,R,R,SLN,P
yepej001,Yepez,Juan,R,R,SLN,PH
zunig001,Zuniga,Guillermo,R,R,SLN,P
adamj002,Adam,Jason,R,R,TBA,P
andec001,Anderson,Chase,R,R,TBA,P
aranj001,Aranda,Jonathan,L,R,TBA,1B
armss001,Armstrong,Shawn,R,R,TBA,P
arozr001,Arozarena,Randy,R,R,TBA,OF
basao001,Basabe,Osleivis,R,R,TBA,SS
beekj001,Beeks,Jalen,L,L,TBA,P
bethc001,Bethancourt,Christian,R,R,TBA,C
bradt002,Bradley,Taj,R,R,TBA,P
brisb001,Bristo,Braden,R,R,TBA,P
brujv001,Brujan,Vidal,B,R,TBA,2B
burdz001,Burdi,Zack,R,R,TBA,P
camij001,Caminero,Junior,R,R,TBA,3B
chiry001,Chirinos,Yonny,R,R,TBA,P
civaa001,Civale,Aaron,R,R,TBA,P
cleag001,Cleavinger,Garrett,R,L,TBA,P
crisc002,Criswell,Cooper,R,R,TBA,P
devec001,Devenski,Chris,R,R,TBA,P
diazy001,Diaz,Yandy,R,R,TBA,1B
diekj001,Diekman,Jake,R,L,TBA,P
efliz001,Eflin,Zach,R,R,TBA,P
fairp001,Fairbanks,Pete,R,R,TBA,P
faucc001,Faucher,Calvin,R,R,TBA,P
flemj001,Fleming,Josh,L,L,TBA,P
franw002,Franco,Wander,B,R,TBA,SS
glast001,Glasnow,Tyler,L,R,TBA,P
grayt001,Gray,Tristan,L,R,TBA,1B
guerj004,Guerra,Javy,L,R,TBA,P
hembh001,Hembree,Heath,R,R,TBA,P
kellt002,Kelley,Trevor,R,R,TBA,P
kellk004,Kelly,Kevin,R,R,TBA,P
kitta001,Kittredge,Andrew,R,R,TBA,P
lasoj001,La Sorsa,Joe,L,L,TBA,P
littz001,Littell,Zack,R,R,TBA,P
lopej007,Lopez,Jacob,L,L,TBA,P
lopej006,Lopez,Jose,L,L,TBA,P
loweb001,Lowe,Brandon,L,R,TBA,2B
lowej002,Lowe,Josh,L,R,TBA,OF
margm001,Margot,Manuel,R,R,TBA,OF
mccls003,McClanahan,Shane,L,L,TBA,P
meadc001,Mead,Curtis,R,R,TBA,3B
mejif001,Mejia,Francisco,B,R,TBA,C
parei001,Paredes,Isaac,R,R,TBA,3B
patil001,Patino,Luis,R,R,TBA,P
pereh002,Perez,Hector,R,R,TBA,P
pintr003,Pinto,Rene,R,R,TBA,C
pochc001,Poche,Colin,L,L,TBA,P
ralel001,Raley,Luke,L,R,TBA,OF
ramie004,Ramirez,Erasmo,R,R,TBA,P
ramih004,Ramirez,Harold,R,R,TBA,DH
rasmd002,Rasmussen,Drew,R,R,TBA,P
rodre005,Rodriguez,Elvin,R,R,TBA,P
sirij001,Siri,Jose,R,R,TBA,OF
sprij001,Springs,Jeffrey,L,L,TBA,P
stepr002,Stephenson,Robert,R,R,TBA,P
tapir001,Tapia,Raimel,L,L,TBA,OF
thomr007,Thompson,Ryan,R,R,TBA,P
wallt003,Walls,Taylor,B,R,TBA,3B
andeg002,Anderson,Grant,R,R,TEX,P
barlj001,Barlow,Joe,R,R,TEX,P
bradc003,Bradford,Cody,L,L,TEX,P
burkb001,Burke,Brock,L,L,TEX,P
bushm001,Bush,Matt,R,R,TEX,P
carte001,Carter,Evan,L,R,TEX,OF
chapa001,Chapman,Aroldis,L,L,TEX,P
dunnd001,Dunning,Dane,R,R,TEX,P
durae002,Duran,Ezequiel,R,R,TEX,SS
eovan001,Eovaldi,Nathan,R,R,TEX,P
garca005,Garcia,Adolis,R,R,TEX,OF
garvm001,Garver,Mitch,R,R,TEX,DH
grayj003,Gray,Jon,R,R,TEX,P
grosr001,Grossman,Robbie,B,L,TEX,OF
heana001,Heaney,Andrew,L,L,TEX,P
heart001,Hearn,Taylor,L,L,TEX,P
hedga001,Hedges,Austin,R,R,TEX,C
heimj001,Heim,Jonah,B,R,TEX,C
hernj004,Hernandez,Jonathan,R,R,TEX,P
howas003,Howard,Spencer,R,R,TEX,P
huffs001,Huff,Sam,R,R,TEX,C
jankt001,Jankowski,Travis,L,R,TEX,OF
jungj001,Jung,Josh,R,R,TEX,3B
kenni001,Kennedy,Ian,R,R,TEX,P
kingj002,King,John,L,L,TEX,P
latzj001,Latz,Jake,R,L,TEX,P
leclj001,Leclerc,Jose,R,R,TEX,P
leons001,Leon,Sandy,B,R,TEX,C
lowen001,Lowe,Nathaniel,L,R,TEX,1B
martj012,Martinez,J. P.,L,L,TEX,PH
millb002,Miller,Brad,L,R,TEX,DH
montj004,Montgomery,Jordan,L,L,TEX,P
ornej001,Ornelas,Jonathan,R,R,TEX,SS
ottog001,Otto,Glenn,R,R,TEX,P
perem004,Perez,Martin,L,L,TEX,P
ragac001,Ragans,Cole,L,L,TEX,P
rodry002,Rodriguez,Yerry,R,R,TEX,P
sborj002,Sborz,Josh,R,R,TEX,P
schem001,Scherzer,Max,R,R,TEX,P
seagc001,Seager,Corey,L,R,TEX,SS
semim001,Semien,Marcus,R,R,TEX,2B
smitj007,Smith,Josh,L,R,TEX,SS
smitw002,Smith,Will,R,L,TEX,P
speaa001,Speas,Alex,R,R,TEX,P
strac001,Stratton,Chris,R,R,TEX,P
tavel001,Taveras,Leody,B,R,TEX,OF
thomb003,Thompson,Bubba,R,R,TEX,OF
whito001,White,Owen,R,R,TEX,P
degrj001,deGrom,Jacob,L,R,TEX,P
bassa001,Bass,Anthony,R,R,TOR,P
bassc001,Bassitt,Chris,R,R,TOR,P
beltb001,Belt,Brandon,L,L,TOR,DH
berrj001,Berrios,Jose,R,R,TOR,P
bichb001,Bichette,Bo,R,R,TOR,SS
biggc002,Biggio,Cavan,L,R,TOR,2B
cabrg001,Cabrera,Genesis,L,L,TOR,P
chapm001,Chapman,Matt,R,R,TOR,3B
cimba001,Cimber,Adam,R,R,TOR,P
cleme002,Clement,Ernie,R,R,TOR,SS
dannh001,Danner,Hagen,R,R,TOR,P
dejop001,DeJong,Paul,R,R,TOR,SS
edenc001,Eden,Cam,R,R,TOR,PR
espis001,Espinal,Santiago,R,R,TOR,2B
franb002,Francis,Bowden,R,R,TOR,P
garcy001,Garcia,Yimi,R,R,TOR,P
gausk001,Gausman,Kevin,L,R,TOR,P
greec003,Green,Chad,L,R,TOR,P
guerv002,Guerrero,Vladimir,R,R,TOR,1B
hatct001,Hatch,Thomas,R,R,TOR,P
heint001,Heineman,Tyler,B,R,TOR,C
hickj002,Hicks,Jordan,R,R,TOR,P
horws001,Horwitz,Spencer,L,R,TOR,PH
jackj001,Jackson,Jay,R,R,TOR,P
jansd001,Jansen,Danny,R,R,TOR,C
kierk001,Kiermaier,Kevin,L,R,TOR,OF
kikuy001,Kikuchi,Yusei,L,L,TOR,P
kirka001,Kirk,Alejandro,R,R,TOR,C
luken001,Lukes,Nathan,L,R,TOR,OF
luplj001,Luplow,Jordan,R,R,TOR,OF
manoa001,Manoah,Alek,R,R,TOR,P
mayzt001,Mayza,Tim,L,L,TOR,P
mccom002,McCoy,Mason,R,R,TOR,SS
merrw001,Merrifield,Whit,R,R,TOR,2B
parsw001,Parsons,Wes,R,R,TOR,P
pearn001,Pearson,Nate,R,R,TOR,P
pop-z001,Pop,Zach,R,R,TOR,P
richt001,Richards,Trevor,R,R,TOR,P
romaj004,Romano,Jordan,R,R,TOR,P
ryu-h001,Ryu,Hyun Jin,R,L,TOR,P
schnd001,Schneider,Davis,R,R,TOR,2B
sprig001,Springer,George,R,R,TOR,OF
swane001,Swanson,Erik,R,R,TOR,P
thort002,Thornton,Trent,R,R,TOR,P
varsd001,Varsho,Daulton,L,R,TOR,OF
whitm004,White,Mitch,R,R,TOR,P
abboc001,Abbott,Cory,R,R,WAS,P
abrac001,Abrams,CJ,L,R,WAS,SS
adamr004,Adams,Riley,R,R,WAS,C
adonj001,Adon,Joan,R,R,WAS,P
alu-j001,Alu,Jake,L,R,WAS,OF
banda001,Banda,Anthony,L,L,WAS,P
blant002,Blankenhorn,Travis,L,R,WAS,OF
calla002,Call,Alex,R,R,WAS,OF
candj002,Candelario,Jeimer,B,R,WAS,3B
chavm001,Chavis,Michael,R,R,WAS,2B
corbp001,Corbin,Patrick,L,L,WAS,P
dickc002,Dickerson,Corey,L,R,WAS,OF
downj001,Downs,Jeter,R,R,WAS,SS
edwac001,Edwards,Carl,R,R,WAS,P
espip001,Espino,Paolo,R,R,WAS,P
ferrj002,Ferrer,Jose,L,L,WAS,P
finnk001,Finnegan,Kyle,R,R,WAS,P
garcl006,Garcia,Luis,L,R,WAS,2B
garcr006,Garcia,Rico,R,R,WAS,P
garcr008,Garcia,Robert,R,L,WAS,P
garrs003,Garrett,Stone,R,R,WAS,OF
gorem001,Gore,MacKenzie,L,L,WAS,P
grayj004,Gray,Josiah,R,R,WAS,P
harrh001,Harris,Hobie,R,R,WAS,P
harvh001,Harvey,Hunter,R,R,WAS,P
hilld002,Hill,Derek,R,R,WAS,OF
irvij001,Irvin,Jake,R,R,WAS,P
kiebc001,Kieboom,Carter,R,R,WAS,3B
kuhlc001,Kuhl,Chad,R,R,WAS,P
lasoj001,La Sorsa,Joe,L,L,WAS,P
macha003,Machado,Andres,R,R,WAS,P
menej001,Meneses,Joey,R,R,WAS,DH
milld003,Millas,Drew,B,R,WAS,C
raint003,Rainey,Tanner,R,R,WAS,P
ramie004,Ramirez,Erasmo,R,R,WAS,P
roblv001,Robles,Victor,R,R,WAS,OF
ruizk001,Ruiz,Keibert,B,R,WAS,C
ruthb001,Rutherford,Blake,L,R,WAS,OF
rutlj002,Rutledge,Jackson,R,R,WAS,P
smitd008,Smith,Dominic,L,L,WAS,1B
thoml002,Thomas,Lane,R,R,WAS,OF
thomm005,Thompson,Mason,R,R,WAS,P
vargi001,Vargas,Ildemaro,B,R,WAS,3B
wardt003,Ward,Thaddeus,R,R,WAS,P
weemj001,Weems,Jordan,L,R,WAS,P
willt002,Williams,Trevor,R,R,WAS,P
willa004,Willingham,Amos,R,R,WAS,P
younj004,Young,Jacob,R,R,WAS,OF
